{
  "sim_time": 12.0,
  "ego": {
    "loc": [
      -12.142605781555176,
      90.61335754394531,
      0.0018419455736875534
    ],
    "vel": [
      0.0683581680059433,
      13.84577751159668,
      -1.23977656585339e-06
    ]
  },
  "npc": {
    "loc": [
      -15.569611549377441,
      75.29121398925781,
      -0.0111937141045928
    ],
    "vel": [
      0.15298506617546082,
      24.064388275146484,
      1.1444091114753974e-06
    ]
  },
  "meta": {
    "algorithm": "quantum",
    "town": "Town04"
  }
}