{
  "sim_time": 11.5,
  "ego": {
    "loc": [
      -12.176779747009277,
      83.69056701660156,
      0.001841907505877316
    ],
    "vel": [
      0.06835836917161942,
      13.845817565917969,
      9.72747784544481e-07
    ]
  },
  "npc": {
    "loc": [
      -15.645988464355469,
      63.27671432495117,
      -0.011182727292180061
    ],
    "vel": [
      0.15290002524852753,
      24.05101203918457,
      -4.0054320038507285e-07
    ]
  },
  "meta": {
    "algorithm": "classical",
    "town": "Town04"
  }
}