{
  "sim_time": 14.5,
  "ego": {
    "loc": [
      -11.97278881072998,
      125.01207733154297,
      0.002192821353673935
    ],
    "vel": [
      0.06001413241028786,
      12.160347938537598,
      -1.4019011587151908e-06
    ]
  },
  "npc": {
    "loc": [
      -12.106504440307617,
      134.7408905029297,
      -0.011131534352898598
    ],
    "vel": [
      2.185908079147339,
      22.995805740356445,
      -0.00010250091145280749
    ]
  },
  "meta": {
    "algorithm": "quantum",
    "town": "Town04"
  }
}