{
  "sim_time": 16.0,
  "ego": {
    "loc": [
      -11.94343090057373,
      131.030029296875,
      0.0015899086138233542
    ],
    "vel": [
      0.048937488347291946,
      9.952832221984863,
      1.6117095356094069e-06
    ]
  },
  "npc": {
    "loc": [
      -12.046299934387207,
      166.2566375732422,
      -0.011051425710320473
    ],
    "vel": [
      0.30789387226104736,
      19.798873901367188,
      -1.3408660379354842e-05
    ]
  },
  "meta": {
    "algorithm": "classical",
    "town": "Town04"
  }
}