{
  "sim_time": 19.0,
  "ego": {
    "loc": [
      -11.687268257141113,
      182.94219970703125,
      0.0018416022649034858
    ],
    "vel": [
      0.06822879612445831,
      13.844645500183105,
      -1.0681152389224735e-06
    ]
  },
  "npc": {
    "loc": [
      -12.56948184967041,
      221.7251739501953,
      -0.01107034645974636
    ],
    "vel": [
      -0.4001506567001343,
      17.27309799194336,
      7.629394360719743e-08
    ]
  },
  "meta": {
    "algorithm": "quantum",
    "town": "Town04"
  }
}