{
  "sim_time": 1.5,
  "ego": {
    "loc": [
      -12.80360221862793,
      -43.2843017578125,
      0.0017777442699298263
    ],
    "vel": [
      0.025980569422245026,
      5.272064208984375,
      -0.0003560733748599887
    ]
  },
  "npc": {
    "loc": [
      -16.719606399536133,
      -105.93766021728516,
      -0.011150378733873367
    ],
    "vel": [
      0.006412137765437365,
      1.1207172870635986,
      -0.0003307437873445451
    ]
  },
  "meta": {
    "algorithm": "classical",
    "town": "Town04"
  }
}