{
  "sim_time": 17.5,
  "ego": {
    "loc": [
      -11.854022026062012,
      149.2101287841797,
      0.001756801619194448
    ],
    "vel": [
      0.06656305491924286,
      13.534079551696777,
      1.287460349885805e-06
    ]
  },
  "npc": {
    "loc": [
      -11.962255477905273,
      194.8654327392578,
      -0.011063632555305958
    ],
    "vel": [
      -0.431341290473938,
      18.436546325683594,
      -1.306533818024036e-06
    ]
  },
  "meta": {
    "algorithm": "classical",
    "town": "Town04"
  }
}