{
  "sim_time": 5.5,
  "ego": {
    "loc": [
      -12.586907386779785,
      0.6187205910682678,
      0.0018343161791563034
    ],
    "vel": [
      0.06823396682739258,
      13.82061767578125,
      1.8692015828492003e-06
    ]
  },
  "npc": {
    "loc": [
      -16.507246017456055,
      -72.19806671142578,
      -0.0115754883736372
    ],
    "vel": [
      0.10885687917470932,
      17.122709274291992,
      -8.29696659820911e-07
    ]
  },
  "meta": {
    "algorithm": "quantum",
    "town": "Town04"
  }
}