{
  "sim_time": 5.5,
  "ego": {
    "loc": [
      -12.586902618408203,
      0.6194024085998535,
      0.0018343543633818626
    ],
    "vel": [
      0.06823451071977615,
      13.820719718933105,
      1.4019011587151908e-06
    ]
  },
  "npc": {
    "loc": [
      -16.507246017456055,
      -72.19806671142578,
      -0.0115754883736372
    ],
    "vel": [
      0.10885687917470932,
      17.122709274291992,
      -8.29696659820911e-07
    ]
  },
  "meta": {
    "algorithm": "classical",
    "town": "Town04"
  }
}