{
  "sim_time": 8.0,
  "ego": {
    "loc": [
      -12.416043281555176,
      35.225494384765625,
      0.001841907505877316
    ],
    "vel": [
      0.06835751235485077,
      13.845651626586914,
      3.0517577442878974e-07
    ]
  },
  "npc": {
    "loc": [
      -16.181119918823242,
      -20.89923095703125,
      -0.011455059051513672
    ],
    "vel": [
      0.14983637630939484,
      23.56873893737793,
      1.5258788721439487e-07
    ]
  },
  "meta": {
    "algorithm": "quantum",
    "town": "Town04"
  }
}