{
  "sim_time": 14.0,
  "ego": {
    "loc": [
      -12.01754093170166,
      115.95487976074219,
      0.0022300146520137787
    ],
    "vel": [
      0.04336326941847801,
      8.80540657043457,
      -5.626678216685832e-07
    ]
  },
  "npc": {
    "loc": [
      -14.548444747924805,
      123.234375,
      -0.011163577437400818
    ],
    "vel": [
      4.79338264465332,
      23.179582595825195,
      -4.736900154966861e-05
    ]
  },
  "meta": {
    "algorithm": "classical",
    "town": "Town04"
  }
}