{
  "sim_time": 6.5,
  "ego": {
    "loc": [
      -12.518582344055176,
      14.455986976623535,
      0.001841220771893859
    ],
    "vel": [
      0.0683453232049942,
      13.843188285827637,
      -6.294250169958104e-07
    ]
  },
  "npc": {
    "loc": [
      -16.389421463012695,
      -53.66440963745117,
      -0.011511402204632759
    ],
    "vel": [
      0.12645143270492554,
      19.890483856201172,
      -1.3542174883696134e-06
    ]
  },
  "meta": {
    "algorithm": "quantum",
    "town": "Town04"
  }
}