{
  "sim_time": 1.0,
  "ego": {
    "loc": [
      -12.815073013305664,
      -45.61088180541992,
      0.0007731819059699774
    ],
    "vel": [
      0.01784048043191433,
      3.623629331588745,
      0.003982829861342907
    ]
  },
  "npc": {
    "loc": [
      -16.722253799438477,
      -106.47940826416016,
      -0.012138042598962784
    ],
    "vel": [
      0.004429542925208807,
      0.8868722319602966,
      0.004403772298246622
    ]
  },
  "meta": {
    "algorithm": "quantum",
    "town": "Town04"
  }
}