{
  "sim_time": 15.5,
  "ego": {
    "loc": [
      -11.919979095458984,
      135.72402954101562,
      0.001647357945330441
    ],
    "vel": [
      0.05661790817975998,
      11.48846435546875,
      -1.6212462696785224e-06
    ]
  },
  "npc": {
    "loc": [
      -11.671741485595703,
      156.26461791992188,
      -0.010985278524458408
    ],
    "vel": [
      0.1111360639333725,
      20.47535514831543,
      -1.8739699953584932e-05
    ]
  },
  "meta": {
    "algorithm": "quantum",
    "town": "Town04"
  }
}