{
  "sim_time": 0.5,
  "ego": {
    "loc": [
      -12.820429801940918,
      -46.6660041809082,
      -0.015278072096407413
    ],
    "vel": [
      3.3687346245869776e-08,
      2.885045979894585e-08,
      0.09085526317358017
    ]
  },
  "npc": {
    "loc": [
      -16.723127365112305,
      -106.64706420898438,
      -0.029906634241342545
    ],
    "vel": [
      1.0959253060605079e-08,
      -6.752602366155713e-10,
      0.09847700595855713
    ]
  },
  "meta": {
    "algorithm": "classical",
    "town": "Town04"
  }
}