{
  "sim_time": 23.0,
  "ego": {
    "loc": [
      -11.414319038391113,
      238.3289031982422,
      0.0018419837579131126
    ],
    "vel": [
      0.06823407113552094,
      13.845725059509277,
      -1.0681152389224735e-06
    ]
  },
  "npc": {
    "loc": [
      -14.03742790222168,
      285.091064453125,
      -0.011099453084170818
    ],
    "vel": [
      -0.33621683716773987,
      14.51329231262207,
      3.433227391269611e-07
    ]
  },
  "meta": {
    "algorithm": "quantum",
    "town": "Town04"
  }
}