{
  "sim_time": 24.0,
  "ego": {
    "loc": [
      -11.411953926086426,
      239.07907104492188,
      0.001841907505877316
    ],
    "vel": [
      0.06809553503990173,
      13.845739364624023,
      -8.010864007701457e-07
    ]
  },
  "npc": {
    "loc": [
      -15.321813583374023,
      294.8842468261719,
      0.010557307861745358
    ],
    "vel": [
      -0.7024632692337036,
      1.3168485164642334,
      -0.05222950875759125
    ]
  },
  "meta": {
    "algorithm": "classical",
    "town": "Town04"
  }
}