{
  "sim_time": 13.5,
  "ego": {
    "loc": [
      -12.040066719055176,
      111.38410949707031,
      0.001841907505877316
    ],
    "vel": [
      0.06835826486349106,
      13.845792770385742,
      7.820129326319147e-07
    ]
  },
  "npc": {
    "loc": [
      -15.353971481323242,
      111.34022521972656,
      -0.011152018792927265
    ],
    "vel": [
      -0.2171124964952469,
      23.991899490356445,
      -3.7193296975601697e-07
    ]
  },
  "meta": {
    "algorithm": "quantum",
    "town": "Town04"
  }
}