{
  "sim_time": 13.0,
  "ego": {
    "loc": [
      -12.074240684509277,
      104.46131896972656,
      0.0018419455736875534
    ],
    "vel": [
      0.0683581531047821,
      13.845772743225098,
      -1.0490417423625331e-07
    ]
  },
  "npc": {
    "loc": [
      -15.416848182678223,
      99.32123565673828,
      -0.011154689826071262
    ],
    "vel": [
      0.1525467038154602,
      23.995431900024414,
      -2.384185791015625e-07
    ]
  },
  "meta": {
    "algorithm": "classical",
    "town": "Town04"
  }
}