{
  "sim_time": 7.5,
  "ego": {
    "loc": [
      -12.450222969055176,
      28.30205535888672,
      0.0018418693216517568
    ],
    "vel": [
      0.06835688650608063,
      13.845520973205566,
      -1.2493132999225054e-06
    ]
  },
  "npc": {
    "loc": [
      -16.25436019897461,
      -32.41971206665039,
      -0.011504268273711205
    ],
    "vel": [
      0.1434108018875122,
      22.558176040649414,
      -1.573562599332945e-06
    ]
  },
  "meta": {
    "algorithm": "quantum",
    "town": "Town04"
  }
}