{
  "sim_time": 4.5,
  "ego": {
    "loc": [
      -12.654797554016113,
      -13.132111549377441,
      0.0017732047708705068
    ],
    "vel": [
      0.06714800745248795,
      13.600775718688965,
      1.2969970839549205e-06
    ]
  },
  "npc": {
    "loc": [
      -16.606037139892578,
      -87.73689270019531,
      -0.011735133826732635
    ],
    "vel": [
      0.08751216530799866,
      13.765387535095215,
      -1.7166136956348055e-07
    ]
  },
  "meta": {
    "algorithm": "classical",
    "town": "Town04"
  }
}