{
  "sim_time": 24.5,
  "ego": {
    "loc": [
      -11.377896308898926,
      246.00241088867188,
      0.001841907505877316
    ],
    "vel": [
      0.06809551268815994,
      13.845739364624023,
      5.054473604104714e-07
    ]
  },
  "npc": {
    "loc": [
      -15.390172958374023,
      295.0172424316406,
      -0.008837985806167126
    ],
    "vel": [
      -0.03609536588191986,
      0.07800950109958649,
      -0.012271429412066936
    ]
  },
  "meta": {
    "algorithm": "classical",
    "town": "Town04"
  }
}