{
  "sim_time": 5.0,
  "ego": {
    "loc": [
      -12.620977401733398,
      -6.281572341918945,
      0.0018185233930125833
    ],
    "vel": [
      0.06796879321336746,
      13.76690673828125,
      7.915496667010302e-07
    ]
  },
  "npc": {
    "loc": [
      -16.55917739868164,
      -80.36579132080078,
      -0.011646556667983532
    ],
    "vel": [
      0.0996067225933075,
      15.667936325073242,
      2.6988982426701114e-06
    ]
  },
  "meta": {
    "algorithm": "quantum",
    "town": "Town04"
  }
}