{
  "sim_time": 6.5,
  "ego": {
    "loc": [
      -12.518576622009277,
      14.45671558380127,
      0.001841220771893859
    ],
    "vel": [
      0.06834564357995987,
      13.843249320983887,
      -1.9073485191256623e-07
    ]
  },
  "npc": {
    "loc": [
      -16.389421463012695,
      -53.66440963745117,
      -0.011511402204632759
    ],
    "vel": [
      0.12645143270492554,
      19.890483856201172,
      -1.3542174883696134e-06
    ]
  },
  "meta": {
    "algorithm": "classical",
    "town": "Town04"
  }
}