{
  "sim_time": 10.5,
  "ego": {
    "loc": [
      -12.245144844055176,
      69.84280395507812,
      0.0018419455736875534
    ],
    "vel": [
      0.06835818290710449,
      13.84577751159668,
      -1.335144048653092e-07
    ]
  },
  "npc": {
    "loc": [
      -15.798773765563965,
      39.24333953857422,
      -0.011158237233757973
    ],
    "vel": [
      0.15261662006378174,
      24.006427764892578,
      -4.1961669694501325e-07
    ]
  },
  "meta": {
    "algorithm": "quantum",
    "town": "Town04"
  }
}