{
  "sim_time": 8.0,
  "ego": {
    "loc": [
      -12.416037559509277,
      35.22626876831055,
      0.001841907505877316
    ],
    "vel": [
      0.0683576688170433,
      13.84569263458252,
      2.193450825416221e-07
    ]
  },
  "npc": {
    "loc": [
      -16.181119918823242,
      -20.89923095703125,
      -0.011455059051513672
    ],
    "vel": [
      0.14983637630939484,
      23.56873893737793,
      1.5258788721439487e-07
    ]
  },
  "meta": {
    "algorithm": "classical",
    "town": "Town04"
  }
}