{
  "sim_time": 2.5,
  "ego": {
    "loc": [
      -12.769773483276367,
      -36.42253112792969,
      0.0015775489155203104
    ],
    "vel": [
      0.042489051818847656,
      8.612750053405762,
      -1.8596648487800849e-06
    ]
  },
  "npc": {
    "loc": [
      -16.713153839111328,
      -104.7069091796875,
      -0.011502513661980629
    ],
    "vel": [
      0.011618086136877537,
      1.966732144355774,
      -9.536742595628311e-08
    ]
  },
  "meta": {
    "algorithm": "quantum",
    "town": "Town04"
  }
}