{
  "sim_time": 10.0,
  "ego": {
    "loc": [
      -12.279324531555176,
      62.91934585571289,
      0.0018419455736875534
    ],
    "vel": [
      0.0683581531047821,
      13.84577751159668,
      4.482269275740691e-07
    ]
  },
  "npc": {
    "loc": [
      -15.8751859664917,
      27.22406768798828,
      -0.01115228608250618
    ],
    "vel": [
      0.15251024067401886,
      23.98969841003418,
      1.6212463549436507e-07
    ]
  },
  "meta": {
    "algorithm": "quantum",
    "town": "Town04"
  }
}