{
  "sim_time": 23.5,
  "ego": {
    "loc": [
      -11.446011543273926,
      232.15573120117188,
      0.001841907505877316
    ],
    "vel": [
      0.06809557229280472,
      13.845743179321289,
      -1.1730194273695815e-06
    ]
  },
  "npc": {
    "loc": [
      -14.21828842163086,
      292.1424865722656,
      -0.01110143680125475
    ],
    "vel": [
      -0.3307584226131439,
      14.265037536621094,
      -7.915496667010302e-07
    ]
  },
  "meta": {
    "algorithm": "classical",
    "town": "Town04"
  }
}