{
  "sim_time": 10.0,
  "ego": {
    "loc": [
      -12.279318809509277,
      62.92011642456055,
      0.0018419455736875534
    ],
    "vel": [
      0.06835804134607315,
      13.845747947692871,
      -1.182556161438697e-06
    ]
  },
  "npc": {
    "loc": [
      -15.8751859664917,
      27.22406768798828,
      -0.01115228608250618
    ],
    "vel": [
      0.15251024067401886,
      23.98969841003418,
      1.6212463549436507e-07
    ]
  },
  "meta": {
    "algorithm": "classical",
    "town": "Town04"
  }
}