{
  "sim_time": 18.0,
  "ego": {
    "loc": [
      -11.755505561828613,
      169.099365234375,
      0.0018386649899184704
    ],
    "vel": [
      0.0681811049580574,
      13.834976196289062,
      5.340576194612368e-07
    ]
  },
  "npc": {
    "loc": [
      -12.160552978515625,
      204.0735321044922,
      -0.011065845377743244
    ],
    "vel": [
      -0.4181189239025116,
      18.0451602935791,
      -9.632110504753655e-07
    ]
  },
  "meta": {
    "algorithm": "quantum",
    "town": "Town04"
  }
}