{
  "sim_time": 16.0,
  "ego": {
    "loc": [
      -11.889841079711914,
      141.83982849121094,
      0.0016472053248435259
    ],
    "vel": [
      0.06339793652296066,
      12.86416244506836,
      2.0408629097801168e-06
    ]
  },
  "npc": {
    "loc": [
      -12.042216300964355,
      166.32525634765625,
      -0.011048908345401287
    ],
    "vel": [
      0.16018816828727722,
      19.818172454833984,
      -1.069068912329385e-05
    ]
  },
  "meta": {
    "algorithm": "quantum",
    "town": "Town04"
  }
}