{
  "sim_time": 8.5,
  "ego": {
    "loc": [
      -12.381863594055176,
      42.14896011352539,
      0.001841907505877316
    ],
    "vel": [
      0.06835794448852539,
      13.845739364624023,
      6.00814814788464e-07
    ]
  },
  "npc": {
    "loc": [
      -16.10476303100586,
      -8.888387680053711,
      -0.011288318783044815
    ],
    "vel": [
      0.15394309163093567,
      24.21480941772461,
      2.212524350397871e-06
    ]
  },
  "meta": {
    "algorithm": "quantum",
    "town": "Town04"
  }
}