{
  "sim_time": 19.5,
  "ego": {
    "loc": [
      -11.653149604797363,
      189.8655242919922,
      0.0018417930696159601
    ],
    "vel": [
      0.0682324469089508,
      13.845376968383789,
      -9.5367431640625e-07
    ]
  },
  "npc": {
    "loc": [
      -12.767359733581543,
      230.26683044433594,
      -0.011072482913732529
    ],
    "vel": [
      -0.3915708065032959,
      16.902727127075195,
      5.722045557376987e-07
    ]
  },
  "meta": {
    "algorithm": "quantum",
    "town": "Town04"
  }
}