{
  "sim_time": 17.5,
  "ego": {
    "loc": [
      -11.789572715759277,
      162.185791015625,
      0.0018317603971809149
    ],
    "vel": [
      0.06806787848472595,
      13.811981201171875,
      1.1730194273695815e-06
    ]
  },
  "npc": {
    "loc": [
      -11.948700904846191,
      194.95285034179688,
      -0.01106355618685484
    ],
    "vel": [
      -0.4316987097263336,
      18.44740867614746,
      -4.768371297814156e-08
    ]
  },
  "meta": {
    "algorithm": "quantum",
    "town": "Town04"
  }
}