{
  "sim_time": 11.5,
  "ego": {
    "loc": [
      -12.176785469055176,
      83.68977355957031,
      0.0018419455736875534
    ],
    "vel": [
      0.0683581531047821,
      13.84577751159668,
      -8.201598689083767e-07
    ]
  },
  "npc": {
    "loc": [
      -15.645988464355469,
      63.27671432495117,
      -0.011182727292180061
    ],
    "vel": [
      0.15290002524852753,
      24.05101203918457,
      -4.0054320038507285e-07
    ]
  },
  "meta": {
    "algorithm": "quantum",
    "town": "Town04"
  }
}