{
  "sim_time": 10.5,
  "ego": {
    "loc": [
      -12.245139122009277,
      69.84357452392578,
      0.0018419455736875534
    ],
    "vel": [
      0.06835811585187912,
      13.84577465057373,
      -1.182556161438697e-06
    ]
  },
  "npc": {
    "loc": [
      -15.798773765563965,
      39.24333953857422,
      -0.011158237233757973
    ],
    "vel": [
      0.15261662006378174,
      24.006427764892578,
      -4.1961669694501325e-07
    ]
  },
  "meta": {
    "algorithm": "classical",
    "town": "Town04"
  }
}