{
  "sim_time": 9.5,
  "ego": {
    "loc": [
      -12.313504219055176,
      55.99588394165039,
      0.0018419455736875534
    ],
    "vel": [
      0.06835819035768509,
      13.84577751159668,
      7.629394076502649e-07
    ]
  },
  "npc": {
    "loc": [
      -15.951581954956055,
      15.206645011901855,
      -0.011174144223332405
    ],
    "vel": [
      0.1528680920600891,
      24.045989990234375,
      -2.8610228852699038e-08
    ]
  },
  "meta": {
    "algorithm": "quantum",
    "town": "Town04"
  }
}