{
  "sim_time": 13.5,
  "ego": {
    "loc": [
      -12.042423248291016,
      110.90692901611328,
      0.0022245978470891714
    ],
    "vel": [
      0.056758277118206024,
      11.505979537963867,
      -4.482269275740691e-07
    ]
  },
  "npc": {
    "loc": [
      -15.359797477722168,
      111.34013366699219,
      -0.011153964325785637
    ],
    "vel": [
      -0.21179822087287903,
      23.99917984008789,
      -3.948211542592617e-06
    ]
  },
  "meta": {
    "algorithm": "classical",
    "town": "Town04"
  }
}