{
  "sim_time": 4.0,
  "ego": {
    "loc": [
      -12.68787670135498,
      -19.832948684692383,
      0.0016726492904126644
    ],
    "vel": [
      0.06468486040830612,
      13.101852416992188,
      -3.147125084979052e-07
    ]
  },
  "npc": {
    "loc": [
      -16.64617347717285,
      -94.05045318603516,
      -0.011742076836526394
    ],
    "vel": [
      0.0724998265504837,
      11.404019355773926,
      2.1076202756376006e-06
    ]
  },
  "meta": {
    "algorithm": "quantum",
    "town": "Town04"
  }
}