{
  "sim_time": 9.0,
  "ego": {
    "loc": [
      -12.347678184509277,
      49.07319259643555,
      0.0018419455736875534
    ],
    "vel": [
      0.06835784018039703,
      13.845712661743164,
      4.673003957123001e-07
    ]
  },
  "npc": {
    "loc": [
      -16.02797508239746,
      3.1900923252105713,
      -0.01114870049059391
    ],
    "vel": [
      0.15316353738307953,
      24.092451095581055,
      1.6403197378167533e-06
    ]
  },
  "meta": {
    "algorithm": "classical",
    "town": "Town04"
  }
}