{
  "sim_time": 7.0,
  "ego": {
    "loc": [
      -12.484396934509277,
      21.3795108795166,
      0.0018417167011648417
    ],
    "vel": [
      0.06835409998893738,
      13.844964027404785,
      -5.054473604104714e-07
    ]
  },
  "npc": {
    "loc": [
      -16.32400894165039,
      -43.37547302246094,
      -0.011507663875818253
    ],
    "vel": [
      0.1349981278181076,
      21.234867095947266,
      -1.3160705520931515e-06
    ]
  },
  "meta": {
    "algorithm": "classical",
    "town": "Town04"
  }
}