{
  "sim_time": 14.0,
  "ego": {
    "loc": [
      -12.005887031555176,
      118.30769348144531,
      0.001841907505877316
    ],
    "vel": [
      0.06835820525884628,
      13.845784187316895,
      1.7261504581256304e-06
    ]
  },
  "npc": {
    "loc": [
      -14.634329795837402,
      123.2461166381836,
      -0.011156177148222923
    ],
    "vel": [
      4.557719707489014,
      23.23426628112793,
      -5.367278936319053e-05
    ]
  },
  "meta": {
    "algorithm": "quantum",
    "town": "Town04"
  }
}