{
  "sim_time": 21.5,
  "ego": {
    "loc": [
      -11.516674995422363,
      217.5588836669922,
      0.0018419455736875534
    ],
    "vel": [
      0.06823406368494034,
      13.84571647644043,
      1.0108947208209429e-06
    ]
  },
  "npc": {
    "loc": [
      -13.51769733428955,
      262.6561279296875,
      -0.011080493219196796
    ],
    "vel": [
      -0.3595052659511566,
      15.518571853637695,
      1.0490417423625331e-07
    ]
  },
  "meta": {
    "algorithm": "quantum",
    "town": "Town04"
  }
}