{
  "sim_time": 9.0,
  "ego": {
    "loc": [
      -12.347683906555176,
      49.07242202758789,
      0.0018419455736875534
    ],
    "vel": [
      0.06835804134607315,
      13.845756530761719,
      1.1730194273695815e-06
    ]
  },
  "npc": {
    "loc": [
      -16.02797508239746,
      3.1900923252105713,
      -0.01114870049059391
    ],
    "vel": [
      0.15316353738307953,
      24.092451095581055,
      1.6403197378167533e-06
    ]
  },
  "meta": {
    "algorithm": "quantum",
    "town": "Town04"
  }
}