{
  "sim_time": 17.0,
  "ego": {
    "loc": [
      -11.823538780212402,
      155.29344177246094,
      0.0018107413779944181
    ],
    "vel": [
      0.06771309673786163,
      13.739981651306152,
      7.343292054429185e-07
    ]
  },
  "npc": {
    "loc": [
      -11.721165657043457,
      185.6284942626953,
      -0.011062678880989552
    ],
    "vel": [
      -0.46570390462875366,
      18.860567092895508,
      1.09672544112982e-06
    ]
  },
  "meta": {
    "algorithm": "quantum",
    "town": "Town04"
  }
}