{
  "sim_time": 16.5,
  "ego": {
    "loc": [
      -11.916913032531738,
      136.4220733642578,
      0.001604595105163753
    ],
    "vel": [
      0.0568370558321476,
      11.556586265563965,
      -1.4305113893442467e-07
    ]
  },
  "npc": {
    "loc": [
      -11.631776809692383,
      176.01486206054688,
      -0.01106073334813118
    ],
    "vel": [
      0.36131954193115234,
      19.29163360595703,
      -6.771087441848067e-07
    ]
  },
  "meta": {
    "algorithm": "classical",
    "town": "Town04"
  }
}