{
  "sim_time": 15.0,
  "ego": {
    "loc": [
      -11.94650936126709,
      130.3402557373047,
      0.002022266387939453
    ],
    "vel": [
      0.04983432963490486,
      10.111875534057617,
      3.747939899767516e-06
    ]
  },
  "npc": {
    "loc": [
      -12.34697151184082,
      145.81336975097656,
      -0.010970516130328178
    ],
    "vel": [
      0.354028582572937,
      21.46718406677246,
      3.343581920489669e-05
    ]
  },
  "meta": {
    "algorithm": "quantum",
    "town": "Town04"
  }
}