{
  "sim_time": 2.0,
  "ego": {
    "loc": [
      -12.788874626159668,
      -40.295536041259766,
      0.0016013527056202292
    ],
    "vel": [
      0.03356459364295006,
      6.808537483215332,
      -4.721641380456276e-05
    ]
  },
  "npc": {
    "loc": [
      -16.716665267944336,
      -105.36518096923828,
      -0.011139735579490662
    ],
    "vel": [
      0.00585358077660203,
      1.0701485872268677,
      -1.4400481632037554e-05
    ]
  },
  "meta": {
    "algorithm": "classical",
    "town": "Town04"
  }
}