{
  "sim_time": 12.5,
  "ego": {
    "loc": [
      -12.108426094055176,
      97.53694152832031,
      0.0018419455736875534
    ],
    "vel": [
      0.0683581605553627,
      13.84577751159668,
      -1.7261504581256304e-06
    ]
  },
  "npc": {
    "loc": [
      -15.493236541748047,
      87.30485534667969,
      -0.011186161078512669
    ],
    "vel": [
      0.15291652083396912,
      24.053607940673828,
      5.81741346650233e-07
    ]
  },
  "meta": {
    "algorithm": "quantum",
    "town": "Town04"
  }
}