{
  "sim_time": 24.5,
  "ego": {
    "loc": [
      -11.311963081359863,
      259.0989074707031,
      0.0018419455736875534
    ],
    "vel": [
      0.06823428720235825,
      13.845745086669922,
      1.5068053471622989e-06
    ]
  },
  "npc": {
    "loc": [
      -15.187348365783691,
      292.9287109375,
      -0.01101495698094368
    ],
    "vel": [
      -0.003922935109585524,
      0.010966342873871326,
      -0.0001439387269783765
    ]
  },
  "meta": {
    "algorithm": "quantum",
    "town": "Town04"
  }
}