{
  "sim_time": 3.0,
  "ego": {
    "loc": [
      -12.746352195739746,
      -31.67652702331543,
      0.001592769636772573
    ],
    "vel": [
      0.05085117742419243,
      10.30207633972168,
      -4.1961669694501325e-07
    ]
  },
  "npc": {
    "loc": [
      -16.702484130859375,
      -102.83267211914062,
      -0.011824626475572586
    ],
    "vel": [
      0.030884386971592903,
      4.883032321929932,
      2.918243353633443e-06
    ]
  },
  "meta": {
    "algorithm": "quantum",
    "town": "Town04"
  }
}