{
  "sim_time": 19.5,
  "ego": {
    "loc": [
      -11.718472480773926,
      176.76983642578125,
      0.0018409918993711472
    ],
    "vel": [
      0.06807950884103775,
      13.842491149902344,
      1.09672544112982e-06
    ]
  },
  "npc": {
    "loc": [
      -12.781092643737793,
      230.15890502929688,
      -0.011072559282183647
    ],
    "vel": [
      -0.39169177412986755,
      16.892990112304688,
      -1.1539458455445128e-06
    ]
  },
  "meta": {
    "algorithm": "classical",
    "town": "Town04"
  }
}