{
  "sim_time": 6.0,
  "ego": {
    "loc": [
      -12.552762031555176,
      7.534829616546631,
      0.0018395422957837582
    ],
    "vel": [
      0.06831849366426468,
      13.837721824645996,
      4.76837158203125e-07
    ]
  },
  "npc": {
    "loc": [
      -16.45052719116211,
      -63.27599334716797,
      -0.011519870720803738
    ],
    "vel": [
      0.11777053773403168,
      18.52495765686035,
      -1.1062621751989354e-06
    ]
  },
  "meta": {
    "algorithm": "quantum",
    "town": "Town04"
  }
}