{
  "sim_time": 18.5,
  "ego": {
    "loc": [
      -11.721386909484863,
      176.0196990966797,
      0.0018409156473353505
    ],
    "vel": [
      0.0682174414396286,
      13.8423433303833,
      -7.629394360719743e-08
    ]
  },
  "npc": {
    "loc": [
      -12.367258071899414,
      212.9957733154297,
      -0.011068133637309074
    ],
    "vel": [
      -0.4089704155921936,
      17.653804779052734,
      -1.220703097715159e-06
    ]
  },
  "meta": {
    "algorithm": "quantum",
    "town": "Town04"
  }
}