{
  "sim_time": 15.5,
  "ego": {
    "loc": [
      -11.965873718261719,
      126.46453857421875,
      0.0015889167552813888
    ],
    "vel": [
      0.040491629391908646,
      8.239034652709961,
      2.288818308215923e-07
    ]
  },
  "npc": {
    "loc": [
      -11.665764808654785,
      156.2060089111328,
      -0.010997219011187553
    ],
    "vel": [
      -0.06617012619972229,
      20.455839157104492,
      -2.2401809474104084e-05
    ]
  },
  "meta": {
    "algorithm": "classical",
    "town": "Town04"
  }
}