{
  "sim_time": 21.0,
  "ego": {
    "loc": [
      -11.550793647766113,
      210.6355438232422,
      0.0018419455736875534
    ],
    "vel": [
      0.06823402643203735,
      13.845714569091797,
      1.220703097715159e-06
    ]
  },
  "npc": {
    "loc": [
      -13.336066246032715,
      254.8158416748047,
      -0.011078624054789543
    ],
    "vel": [
      -0.36719653010368347,
      15.850581169128418,
      -2.0217894416418858e-06
    ]
  },
  "meta": {
    "algorithm": "quantum",
    "town": "Town04"
  }
}