{
  "sim_time": 14.5,
  "ego": {
    "loc": [
      -11.998970985412598,
      119.72881317138672,
      0.00220285402610898
    ],
    "vel": [
      0.031227488070726395,
      6.351997375488281,
      2.8610227786884934e-07
    ]
  },
  "npc": {
    "loc": [
      -12.060108184814453,
      134.72463989257812,
      -0.011107501573860645
    ],
    "vel": [
      1.7309199571609497,
      22.91777992248535,
      -0.00012805938604287803
    ]
  },
  "meta": {
    "algorithm": "classical",
    "town": "Town04"
  }
}