{
  "sim_time": 20.5,
  "ego": {
    "loc": [
      -11.584912300109863,
      203.7122039794922,
      0.001841907505877316
    ],
    "vel": [
      0.06823398172855377,
      13.845717430114746,
      6.00814814788464e-07
    ]
  },
  "npc": {
    "loc": [
      -13.150540351867676,
      246.80735778808594,
      -0.011076564900577068
    ],
    "vel": [
      -0.37510040402412415,
      16.191762924194336,
      -1.039505036715127e-06
    ]
  },
  "meta": {
    "algorithm": "quantum",
    "town": "Town04"
  }
}