{
  "sim_time": 15.0,
  "ego": {
    "loc": [
      -11.983996391296387,
      122.77637481689453,
      0.001762294676154852
    ],
    "vel": [
      0.031828079372644424,
      6.4780402183532715,
      -3.814697180359872e-08
    ]
  },
  "npc": {
    "loc": [
      -12.35251235961914,
      145.7705535888672,
      -0.01097650546580553
    ],
    "vel": [
      0.6435538530349731,
      21.414716720581055,
      5.817413239128655e-06
    ]
  },
  "meta": {
    "algorithm": "classical",
    "town": "Town04"
  }
}