{
  "sim_time": 11.0,
  "ego": {
    "loc": [
      -12.210959434509277,
      76.76703643798828,
      0.001841907505877316
    ],
    "vel": [
      0.06835822016000748,
      13.845786094665527,
      -4.0054320038507285e-07
    ]
  },
  "npc": {
    "loc": [
      -15.722373008728027,
      51.26141357421875,
      -0.011168422177433968
    ],
    "vel": [
      0.15276999771595,
      24.030546188354492,
      -5.149840944795869e-07
    ]
  },
  "meta": {
    "algorithm": "classical",
    "town": "Town04"
  }
}