{
  "sim_time": 20.0,
  "ego": {
    "loc": [
      -11.684414863586426,
      183.6923828125,
      0.001841640449129045
    ],
    "vel": [
      0.06809022277593613,
      13.844656944274902,
      0.0
    ]
  },
  "npc": {
    "loc": [
      -12.974799156188965,
      238.51318359375,
      -0.011074657551944256
    ],
    "vel": [
      -0.38334259390830994,
      16.53290367126465,
      -1.344680754300498e-06
    ]
  },
  "meta": {
    "algorithm": "classical",
    "town": "Town04"
  }
}