{
  "sim_time": 19.0,
  "ego": {
    "loc": [
      -11.752525329589844,
      169.84934997558594,
      0.001838855678215623
    ],
    "vel": [
      0.06804565340280533,
      13.835585594177246,
      1.363754222438729e-06
    ]
  },
  "npc": {
    "loc": [
      -12.58315372467041,
      221.62216186523438,
      -0.01107038464397192
    ],
    "vel": [
      -0.4002729654312134,
      17.26308822631836,
      5.340576194612368e-07
    ]
  },
  "meta": {
    "algorithm": "classical",
    "town": "Town04"
  }
}