{
  "sim_time": 22.5,
  "ego": {
    "loc": [
      -11.514126777648926,
      218.30905151367188,
      0.0018419455736875534
    ],
    "vel": [
      0.06809549778699875,
      13.84573745727539,
      5.245208853921213e-07
    ]
  },
  "npc": {
    "loc": [
      -13.881941795349121,
      277.6363525390625,
      -0.011089419946074486
    ],
    "vel": [
      -0.34216105937957764,
      14.75681209564209,
      -7.724761985627993e-07
    ]
  },
  "meta": {
    "algorithm": "classical",
    "town": "Town04"
  }
}