{
  "sim_time": 5.0,
  "ego": {
    "loc": [
      -12.620972633361816,
      -6.280980587005615,
      0.0018185614608228207
    ],
    "vel": [
      0.06797026097774506,
      13.767208099365234,
      1.3351440202313825e-06
    ]
  },
  "npc": {
    "loc": [
      -16.55917739868164,
      -80.36579132080078,
      -0.011646556667983532
    ],
    "vel": [
      0.0996067225933075,
      15.667936325073242,
      2.6988982426701114e-06
    ]
  },
  "meta": {
    "algorithm": "classical",
    "town": "Town04"
  }
}