{
  "sim_time": 20.5,
  "ego": {
    "loc": [
      -11.650357246398926,
      190.61569213867188,
      0.0018418311374261975
    ],
    "vel": [
      0.06809379160404205,
      13.845376968383789,
      -1.220703097715159e-06
    ]
  },
  "npc": {
    "loc": [
      -13.164395332336426,
      246.68991088867188,
      -0.01107671670615673
    ],
    "vel": [
      -0.3752187192440033,
      16.18253517150879,
      4.482269275740691e-07
    ]
  },
  "meta": {
    "algorithm": "classical",
    "town": "Town04"
  }
}