{
  "sim_time": 16.5,
  "ego": {
    "loc": [
      -11.857182502746582,
      148.4671630859375,
      0.0017530249897390604
    ],
    "vel": [
      0.06661777198314667,
      13.517679214477539,
      9.059905892172537e-07
    ]
  },
  "npc": {
    "loc": [
      -11.639355659484863,
      176.09078979492188,
      -0.011060085147619247
    ],
    "vel": [
      0.4317561388015747,
      19.30274200439453,
      1.9359588350198464e-06
    ]
  },
  "meta": {
    "algorithm": "quantum",
    "town": "Town04"
  }
}