{
  "sim_time": 3.5,
  "ego": {
    "loc": [
      -12.71889877319336,
      -26.115758895874023,
      0.0016093254089355469
    ],
    "vel": [
      0.05864334851503372,
      11.878060340881348,
      8.010864007701457e-07
    ]
  },
  "npc": {
    "loc": [
      -16.679061889648438,
      -99.22321319580078,
      -0.012033138424158096
    ],
    "vel": [
      0.057003285735845566,
      8.966273307800293,
      8.29696659820911e-07
    ]
  },
  "meta": {
    "algorithm": "classical",
    "town": "Town04"
  }
}