{
  "sim_time": 17.0,
  "ego": {
    "loc": [
      -11.886685371398926,
      142.56845092773438,
      0.0016490744892507792
    ],
    "vel": [
      0.06349502503871918,
      12.910371780395508,
      -9.822845186135964e-07
    ]
  },
  "npc": {
    "loc": [
      -11.735150337219238,
      185.5465545654297,
      -0.011062487959861755
    ],
    "vel": [
      -0.47231584787368774,
      18.84920883178711,
      1.1920928955078125e-06
    ]
  },
  "meta": {
    "algorithm": "classical",
    "town": "Town04"
  }
}