{
  "sim_time": 20.0,
  "ego": {
    "loc": [
      -11.619030952453613,
      196.7888641357422,
      0.0018418693216517568
    ],
    "vel": [
      0.0682336762547493,
      13.845635414123535,
      2.670288097306184e-07
    ]
  },
  "npc": {
    "loc": [
      -12.961005210876465,
      238.62594604492188,
      -0.011074542999267578
    ],
    "vel": [
      -0.3832229673862457,
      16.542383193969727,
      -3.7193296975601697e-07
    ]
  },
  "meta": {
    "algorithm": "quantum",
    "town": "Town04"
  }
}