{
  "sim_time": 22.5,
  "ego": {
    "loc": [
      -11.448437690734863,
      231.4055633544922,
      0.0018419455736875534
    ],
    "vel": [
      0.06823400408029556,
      13.845709800720215,
      -2.8610228852699038e-08
    ]
  },
  "npc": {
    "loc": [
      -13.86790943145752,
      277.7735900878906,
      -0.011088237166404724
    ],
    "vel": [
      -0.3420000672340393,
      14.762935638427734,
      -1.7452239262638614e-06
    ]
  },
  "meta": {
    "algorithm": "quantum",
    "town": "Town04"
  }
}