{
  "sim_time": 18.0,
  "ego": {
    "loc": [
      -11.82042407989502,
      156.041259765625,
      0.001812305417843163
    ],
    "vel": [
      0.0676015242934227,
      13.745304107666016,
      1.1444091114753974e-06
    ]
  },
  "npc": {
    "loc": [
      -12.174099922180176,
      203.9807586669922,
      -0.0110660744830966
    ],
    "vel": [
      -0.4182325303554535,
      18.034584045410156,
      1.6117095356094069e-06
    ]
  },
  "meta": {
    "algorithm": "classical",
    "town": "Town04"
  }
}