{
  "sim_time": 12.5,
  "ego": {
    "loc": [
      -12.108420372009277,
      97.53773498535156,
      0.0018419455736875534
    ],
    "vel": [
      0.06835823506116867,
      13.845787048339844,
      4.577636616431846e-07
    ]
  },
  "npc": {
    "loc": [
      -15.493236541748047,
      87.30485534667969,
      -0.011186161078512669
    ],
    "vel": [
      0.15291652083396912,
      24.053607940673828,
      5.81741346650233e-07
    ]
  },
  "meta": {
    "algorithm": "classical",
    "town": "Town04"
  }
}