{
  "sim_time": 23.5,
  "ego": {
    "loc": [
      -11.380200386047363,
      245.2522430419922,
      0.0018419455736875534
    ],
    "vel": [
      0.06823434680700302,
      13.845787048339844,
      -1.8692015828492003e-06
    ]
  },
  "npc": {
    "loc": [
      -14.253101348876953,
      292.1663513183594,
      -0.007561588194221258
    ],
    "vel": [
      -4.828395366668701,
      1.948848843574524,
      0.14771270751953125
    ]
  },
  "meta": {
    "algorithm": "quantum",
    "town": "Town04"
  }
}