{
  "sim_time": 8.5,
  "ego": {
    "loc": [
      -12.381857872009277,
      42.14973068237305,
      0.001841907505877316
    ],
    "vel": [
      0.0683576688170433,
      13.845672607421875,
      1.8787383169183158e-06
    ]
  },
  "npc": {
    "loc": [
      -16.10476303100586,
      -8.888387680053711,
      -0.011288318783044815
    ],
    "vel": [
      0.15394309163093567,
      24.21480941772461,
      2.212524350397871e-06
    ]
  },
  "meta": {
    "algorithm": "classical",
    "town": "Town04"
  }
}