{
  "sim_time": 24.0,
  "ego": {
    "loc": [
      -11.346081733703613,
      252.1755828857422,
      0.0018419455736875534
    ],
    "vel": [
      0.06823432445526123,
      13.8457612991333,
      -4.0054320038507285e-07
    ]
  },
  "npc": {
    "loc": [
      -15.184870719909668,
      292.92291259765625,
      -0.010435428470373154
    ],
    "vel": [
      0.005971316713839769,
      0.024405768141150475,
      -0.0005466270376928151
    ]
  },
  "meta": {
    "algorithm": "quantum",
    "town": "Town04"
  }
}