{
  "sim_time": 7.5,
  "ego": {
    "loc": [
      -12.450217247009277,
      28.30280876159668,
      0.0018418693216517568
    ],
    "vel": [
      0.06835704296827316,
      13.84555721282959,
      -1.6307830037476378e-06
    ]
  },
  "npc": {
    "loc": [
      -16.25436019897461,
      -32.41971206665039,
      -0.011504268273711205
    ],
    "vel": [
      0.1434108018875122,
      22.558176040649414,
      -1.573562599332945e-06
    ]
  },
  "meta": {
    "algorithm": "classical",
    "town": "Town04"
  }
}