{
  "sim_time": 6.0,
  "ego": {
    "loc": [
      -12.552756309509277,
      7.535548686981201,
      0.0018395422957837582
    ],
    "vel": [
      0.06831852346658707,
      13.837770462036133,
      5.722045557376987e-07
    ]
  },
  "npc": {
    "loc": [
      -16.45052719116211,
      -63.27599334716797,
      -0.011519870720803738
    ],
    "vel": [
      0.11777053773403168,
      18.52495765686035,
      -1.1062621751989354e-06
    ]
  },
  "meta": {
    "algorithm": "classical",
    "town": "Town04"
  }
}