{
  "sim_time": 12.0,
  "ego": {
    "loc": [
      -12.142600059509277,
      90.61415100097656,
      0.0018419455736875534
    ],
    "vel": [
      0.06835830956697464,
      13.84581470489502,
      1.1730194273695815e-06
    ]
  },
  "npc": {
    "loc": [
      -15.569611549377441,
      75.29121398925781,
      -0.0111937141045928
    ],
    "vel": [
      0.15298506617546082,
      24.064388275146484,
      1.1444091114753974e-06
    ]
  },
  "meta": {
    "algorithm": "classical",
    "town": "Town04"
  }
}