{
  "sim_time": 21.0,
  "ego": {
    "loc": [
      -11.616299629211426,
      197.53903198242188,
      0.0018418693216517568
    ],
    "vel": [
      0.06809532642364502,
      13.84568977355957,
      -8.583068620282575e-07
    ]
  },
  "npc": {
    "loc": [
      -13.349979400634766,
      254.6939239501953,
      -0.011078662239015102
    ],
    "vel": [
      -0.36731353402137756,
      15.84160041809082,
      4.2915343101412873e-07
    ]
  },
  "meta": {
    "algorithm": "classical",
    "town": "Town04"
  }
}