{
  "sim_time": 11.0,
  "ego": {
    "loc": [
      -12.210965156555176,
      76.76626586914062,
      0.0018419455736875534
    ],
    "vel": [
      0.0683581605553627,
      13.84577751159668,
      -4.76837158203125e-07
    ]
  },
  "npc": {
    "loc": [
      -15.722373008728027,
      51.26141357421875,
      -0.011168422177433968
    ],
    "vel": [
      0.15276999771595,
      24.030546188354492,
      -5.149840944795869e-07
    ]
  },
  "meta": {
    "algorithm": "quantum",
    "town": "Town04"
  }
}