{
  "sim_time": 13.0,
  "ego": {
    "loc": [
      -12.074246406555176,
      104.46052551269531,
      0.001841907505877316
    ],
    "vel": [
      0.06835813820362091,
      13.84577751159668,
      8.583068478174027e-08
    ]
  },
  "npc": {
    "loc": [
      -15.416848182678223,
      99.32123565673828,
      -0.011154689826071262
    ],
    "vel": [
      0.1525467038154602,
      23.995431900024414,
      -2.384185791015625e-07
    ]
  },
  "meta": {
    "algorithm": "quantum",
    "town": "Town04"
  }
}