{
  "sim_time": 9.5,
  "ego": {
    "loc": [
      -12.313498497009277,
      55.99665451049805,
      0.0018419455736875534
    ],
    "vel": [
      0.06835785508155823,
      13.845709800720215,
      1.1444091541079615e-07
    ]
  },
  "npc": {
    "loc": [
      -15.951581954956055,
      15.206645011901855,
      -0.011174144223332405
    ],
    "vel": [
      0.1528680920600891,
      24.045989990234375,
      -2.8610228852699038e-08
    ]
  },
  "meta": {
    "algorithm": "classical",
    "town": "Town04"
  }
}