{
  "sim_time": 18.5,
  "ego": {
    "loc": [
      -11.786524772644043,
      162.93519592285156,
      0.0018322181422263384
    ],
    "vel": [
      0.06793797016143799,
      13.813703536987305,
      1.2111663636460435e-06
    ]
  },
  "npc": {
    "loc": [
      -12.380865097045898,
      212.89781188964844,
      -0.011068248189985752
    ],
    "vel": [
      -0.4090938866138458,
      17.643512725830078,
      1.0204314548900584e-06
    ]
  },
  "meta": {
    "algorithm": "classical",
    "town": "Town04"
  }
}