{
  "sim_time": 22.0,
  "ego": {
    "loc": [
      -11.482556343078613,
      224.4822235107422,
      0.0018419455736875534
    ],
    "vel": [
      0.06823407858610153,
      13.845726013183594,
      4.2915343101412873e-07
    ]
  },
  "npc": {
    "loc": [
      -13.695356369018555,
      270.3249206542969,
      -0.011024722829461098
    ],
    "vel": [
      -0.3490994870662689,
      15.06939697265625,
      6.961822123230377e-07
    ]
  },
  "meta": {
    "algorithm": "quantum",
    "town": "Town04"
  }
}