{
  "sim_time": 22.0,
  "ego": {
    "loc": [
      -11.548184394836426,
      211.38571166992188,
      0.001841907505877316
    ],
    "vel": [
      0.06809566169977188,
      13.845773696899414,
      1.6403197378167533e-06
    ]
  },
  "npc": {
    "loc": [
      -13.70931625366211,
      270.1916198730469,
      -0.011023387312889099
    ],
    "vel": [
      -0.3490557074546814,
      15.054178237915039,
      -6.389617510649259e-07
    ]
  },
  "meta": {
    "algorithm": "classical",
    "town": "Town04"
  }
}