{
  "sim_time": 4.5,
  "ego": {
    "loc": [
      -12.65479850769043,
      -13.132482528686523,
      0.0017732047708705068
    ],
    "vel": [
      0.06714539974927902,
      13.600252151489258,
      1.363754222438729e-06
    ]
  },
  "npc": {
    "loc": [
      -16.606037139892578,
      -87.73689270019531,
      -0.011735133826732635
    ],
    "vel": [
      0.08751216530799866,
      13.765387535095215,
      -1.7166136956348055e-07
    ]
  },
  "meta": {
    "algorithm": "quantum",
    "town": "Town04"
  }
}