{
  "sim_time": 23.0,
  "ego": {
    "loc": [
      -11.480069160461426,
      225.23239135742188,
      0.0018419455736875534
    ],
    "vel": [
      0.06809525936841965,
      13.845690727233887,
      -2.288818308215923e-07
    ]
  },
  "npc": {
    "loc": [
      -14.05153751373291,
      284.9508361816406,
      -0.011099566705524921
    ],
    "vel": [
      -0.3363780379295349,
      14.507403373718262,
      -5.149840944795869e-07
    ]
  },
  "meta": {
    "algorithm": "classical",
    "town": "Town04"
  }
}