{
  "sim_time": 7.0,
  "ego": {
    "loc": [
      -12.484402656555176,
      21.378753662109375,
      0.0018416786333546042
    ],
    "vel": [
      0.06835432350635529,
      13.844987869262695,
      -8.201598689083767e-07
    ]
  },
  "npc": {
    "loc": [
      -16.32400894165039,
      -43.37547302246094,
      -0.011507663875818253
    ],
    "vel": [
      0.1349981278181076,
      21.234867095947266,
      -1.3160705520931515e-06
    ]
  },
  "meta": {
    "algorithm": "quantum",
    "town": "Town04"
  }
}