{
  "sim_time": 21.5,
  "ego": {
    "loc": [
      -11.582242012023926,
      204.46237182617188,
      0.0018418693216517568
    ],
    "vel": [
      0.06809555739164352,
      13.845745086669922,
      6.580352760465757e-07
    ]
  },
  "npc": {
    "loc": [
      -13.531664848327637,
      262.5297546386719,
      -0.011080569587647915
    ],
    "vel": [
      -0.3596211075782776,
      15.509836196899414,
      8.773803301664884e-07
    ]
  },
  "meta": {
    "algorithm": "classical",
    "town": "Town04"
  }
}